Measured Depth m,TOFB s,AVG_CONF unitless,MIN_CONF unitless,Average Rotary Speed rpm,Corrected Surface Weight on Bit kkgf,Corrected Total Hookload kkgf,MWD Turbine RPM rpm,MWD Raw Gamma Ray 1/s,Pump 2 Stroke Rate 1/min,Rate of Penetration m/h,Bit Drill Time h,Corrected Hookload kkgf,MWD GR Bit Confidence Flag %,Pump Time h,PowerUP Shock Rate 1/s,Total SPM 1/min,Average Hookload kkgf,Total Hookload kkgf,Extrapolated Hole TVD m,MWD Gamma Ray (API BH corrected) gAPI,EDRT unitless,Pump 1 Stroke Rate 1/min,Total Bit Revolutions unitless,Mud Density In g/cm3.1,Weight on Bit kkgf,Hole Depth (TVD) m,MWD Shock Risk unitless,Bit run number unitless,Inverse ROP s/m,Pump 4 Stroke Rate 1/min,Rig Mode unitless,MWD Shock Peak m/s2,SPN Sp_RigMode 2hz unitless,Average Standpipe Pressure kPa,Rate of Penetration (5ft avg) m/h,AJAM_MWD unitless,1/2ft ROP m/h,Hole depth (MD) m,Mud Flow In L/min,BHFG unitless,MWD DNI Temperature degC,Average Surface Torque kN.m,Total Downhole RPM rpm,SHK3TM_RT min,Pump 3 Stroke Rate 1/min,Inverse ROP (5ft avg) s/m,S1AC kPa,S2AC kPa,IMWT g/cm3,OSTM s,RNN
-0.066990875,0.10121001,0.030629884,0.03093497,-0.030667864,-0.07983938,-0.06653657,0.035186995,0.0027153925,-0.0005495733,0.034812517,-0.079278454,-0.019885901,-0.014425474,-0.039687015,0.0,0.099493526,-0.019885901,-0.11891942,-0.068141215,0.0027154116,-0.00857621,0.100820035,-0.036663685,-0.011290751,-0.117425956,-0.06682507,0.0,0.0,-0.004335321,0.0,0.0,0.0,0.0,0.06827002,0.031587876,0.0,0.03920262,-0.06711876,0.09934611,0.0,-0.018861933,0.013366504,-0.030667864,0.0,0.100820035,0.00077216135,0.0112493085,0.0048720995,-0.011290751,0.08988828,0.36416036
Measured Depth m,TOFB s,AVG_CONF unitless,MIN_CONF unitless,Average Rotary Speed rpm,Corrected Surface Weight on Bit kkgf,Corrected Total Hookload kkgf,MWD Turbine RPM rpm,MWD Raw Gamma Ray 1/s,Pump 2 Stroke Rate 1/min,Rate of Penetration m/h,Bit Drill Time h,Corrected Hookload kkgf,MWD GR Bit Confidence Flag %,Pump Time h,PowerUP Shock Rate 1/s,Total SPM 1/min,Average Hookload kkgf,Total Hookload kkgf,Extrapolated Hole TVD m,MWD Gamma Ray (API BH corrected) gAPI,EDRT unitless,Pump 1 Stroke Rate 1/min,Total Bit Revolutions unitless,Mud Density In g/cm3.1,Weight on Bit kkgf,Hole Depth (TVD) m,MWD Shock Risk unitless,Bit run number unitless,Inverse ROP s/m,Pump 4 Stroke Rate 1/min,Rig Mode unitless,MWD Shock Peak m/s2,SPN Sp_RigMode 2hz unitless,Average Standpipe Pressure kPa,Rate of Penetration (5ft avg) m/h,AJAM_MWD unitless,1/2ft ROP m/h,Hole depth (MD) m,Mud Flow In L/min,BHFG unitless,MWD DNI Temperature degC,Average Surface Torque kN.m,Total Downhole RPM rpm,SHK3TM_RT min,Pump 3 Stroke Rate 1/min,Inverse ROP (5ft avg) s/m,S1AC kPa,S2AC kPa,IMWT g/cm3,OSTM s,RNN
-0.00089638954,0.011397985,0.0012889046,0.0014729211,0.012776018,-0.0026547918,-0.00091776444,0.008190851,0.0045613935,9.243949e-06,0.007403306,-0.0005429803,0.0021801703,0.0011213452,0.00017024328,0.0,0.011016972,0.0021801703,-0.019071575,-0.000967698,0.004561271,0.0025388862,0.011022852,0.0004468009,0.0054810476,-0.019257136,-0.00094589894,0.0,0.0,-0.0026923323,0.0,0.0,0.0009345303,0.0,0.01018634,0.007947035,0.0,0.008361767,-0.0008960692,0.011016816,0.0,-0.0006932486,0.013597565,0.012776018,0.0,0.011014687,-0.004890504,0.0063156257,0.005449441,0.0054810476,-0.0021269259,0.6172718
Measured Depth m,TOFB s,AVG_CONF unitless,MIN_CONF unitless,Average Rotary Speed rpm,Corrected Surface Weight on Bit kkgf,Corrected Total Hookload kkgf,MWD Turbine RPM rpm,MWD Raw Gamma Ray 1/s,Pump 2 Stroke Rate 1/min,Rate of Penetration m/h,Bit Drill Time h,Corrected Hookload kkgf,MWD GR Bit Confidence Flag %,Pump Time h,PowerUP Shock Rate 1/s,Total SPM 1/min,Average Hookload kkgf,Total Hookload kkgf,Extrapolated Hole TVD m,MWD Gamma Ray (API BH corrected) gAPI,EDRT unitless,Pump 1 Stroke Rate 1/min,Total Bit Revolutions unitless,Mud Density In g/cm3.1,Weight on Bit kkgf,Hole Depth (TVD) m,MWD Shock Risk unitless,Bit run number unitless,Inverse ROP s/m,Pump 4 Stroke Rate 1/min,Rig Mode unitless,MWD Shock Peak m/s2,SPN Sp_RigMode 2hz unitless,Average Standpipe Pressure kPa,Rate of Penetration (5ft avg) m/h,AJAM_MWD unitless,1/2ft ROP m/h,Hole depth (MD) m,Mud Flow In L/min,BHFG unitless,MWD DNI Temperature degC,Average Surface Torque kN.m,Total Downhole RPM rpm,SHK3TM_RT min,Pump 3 Stroke Rate 1/min,Inverse ROP (5ft avg) s/m,S1AC kPa,S2AC kPa,IMWT g/cm3,OSTM s,RNN
-0.0188183,0.078575134,0.000552113,0.006778443,-0.044381388,0.008822494,-0.018619766,0.03468703,0.011411855,-0.0037916675,0.08223496,-0.028744146,-0.06753002,-0.0027483474,-0.043943815,0.0,0.060373217,-0.06753002,0.06757143,-0.019256841,0.011415289,0.012338129,0.060905077,-0.042473,0.0035757828,0.07525616,-0.019013332,0.0,0.0,-0.033727232,0.0,0.0,0.0049662986,0.0,0.06232138,0.08635323,0.0,0.090933695,-0.018859576,0.06037095,0.0,-0.047969133,-0.03731559,-0.044381388,0.0,0.06112352,-0.058717232,0.03588043,0.04005509,0.0035757828,0.09505204,0.56974274
Measured Depth m,TOFB s,AVG_CONF unitless,MIN_CONF unitless,Average Rotary Speed rpm,Corrected Surface Weight on Bit kkgf,Corrected Total Hookload kkgf,MWD Turbine RPM rpm,MWD Raw Gamma Ray 1/s,Pump 2 Stroke Rate 1/min,Rate of Penetration m/h,Bit Drill Time h,Corrected Hookload kkgf,MWD GR Bit Confidence Flag %,Pump Time h,PowerUP Shock Rate 1/s,Total SPM 1/min,Average Hookload kkgf,Total Hookload kkgf,Extrapolated Hole TVD m,MWD Gamma Ray (API BH corrected) gAPI,EDRT unitless,Pump 1 Stroke Rate 1/min,Total Bit Revolutions unitless,Mud Density In g/cm3.1,Weight on Bit kkgf,Hole Depth (TVD) m,MWD Shock Risk unitless,Bit run number unitless,Inverse ROP s/m,Pump 4 Stroke Rate 1/min,Rig Mode unitless,MWD Shock Peak m/s2,SPN Sp_RigMode 2hz unitless,Average Standpipe Pressure kPa,Rate of Penetration (5ft avg) m/h,AJAM_MWD unitless,1/2ft ROP m/h,Hole depth (MD) m,Mud Flow In L/min,BHFG unitless,MWD DNI Temperature degC,Average Surface Torque kN.m,Total Downhole RPM rpm,SHK3TM_RT min,Pump 3 Stroke Rate 1/min,Inverse ROP (5ft avg) s/m,S1AC kPa,S2AC kPa,IMWT g/cm3,OSTM s,RNN
-0.0035806159,0.06257714,-0.00057733146,0.0010428574,-0.033928867,0.007006752,-0.0033754474,0.008918582,0.009176624,-0.0006296241,0.025825284,-0.0098293815,-0.0268276,-0.005649979,-0.014833696,0.0,0.017647194,-0.0268276,0.06390942,-0.003847716,0.00917657,0.0015055614,0.017667312,-0.014788618,0.0010806846,0.06737692,-0.003621503,0.0,0.0,-0.009302944,0.0,0.0,-0.007995008,0.0,0.017592533,0.02711011,0.0,0.028529711,-0.003589919,0.017647851,0.0,-0.012431797,-0.026091957,-0.033928867,0.0,0.017775418,-0.016066488,0.008441865,0.011478589,0.0010806846,0.05673812,0.6564585
Measured Depth m,TOFB s,AVG_CONF unitless,MIN_CONF unitless,Average Rotary Speed rpm,Corrected Surface Weight on Bit kkgf,Corrected Total Hookload kkgf,MWD Turbine RPM rpm,MWD Raw Gamma Ray 1/s,Pump 2 Stroke Rate 1/min,Rate of Penetration m/h,Bit Drill Time h,Corrected Hookload kkgf,MWD GR Bit Confidence Flag %,Pump Time h,PowerUP Shock Rate 1/s,Total SPM 1/min,Average Hookload kkgf,Total Hookload kkgf,Extrapolated Hole TVD m,MWD Gamma Ray (API BH corrected) gAPI,EDRT unitless,Pump 1 Stroke Rate 1/min,Total Bit Revolutions unitless,Mud Density In g/cm3.1,Weight on Bit kkgf,Hole Depth (TVD) m,MWD Shock Risk unitless,Bit run number unitless,Inverse ROP s/m,Pump 4 Stroke Rate 1/min,Rig Mode unitless,MWD Shock Peak m/s2,SPN Sp_RigMode 2hz unitless,Average Standpipe Pressure kPa,Rate of Penetration (5ft avg) m/h,AJAM_MWD unitless,1/2ft ROP m/h,Hole depth (MD) m,Mud Flow In L/min,BHFG unitless,MWD DNI Temperature degC,Average Surface Torque kN.m,Total Downhole RPM rpm,SHK3TM_RT min,Pump 3 Stroke Rate 1/min,Inverse ROP (5ft avg) s/m,S1AC kPa,S2AC kPa,IMWT g/cm3,OSTM s,RNN
-0.013602094,0.1283453,0.018526291,0.0133975735,0.004303193,-0.02250985,-0.013019456,-0.004122433,-0.039279196,0.0023781022,0.014437985,-0.024732627,0.025753366,-0.017465837,-0.020035798,0.0,-0.0025757805,0.025753366,0.1184248,-0.013918733,-0.039274722,0.004653299,-0.0031390137,-0.022344736,0.012678984,0.11612371,-0.013345653,0.0,0.0,0.0018930354,0.0,0.0,-0.016130345,0.0,-0.011413625,0.011123807,0.0,0.01706423,-0.013629425,-0.0025710247,0.0,-0.007597692,0.017033346,0.004303193,0.0,-0.0030337584,0.006671947,0.0061352146,0.013543687,0.012678984,0.11037956,0.535814
Measured Depth m,TOFB s,AVG_CONF unitless,MIN_CONF unitless,Average Rotary Speed rpm,Corrected Surface Weight on Bit kkgf,Corrected Total Hookload kkgf,MWD Turbine RPM rpm,MWD Raw Gamma Ray 1/s,Pump 2 Stroke Rate 1/min,Rate of Penetration m/h,Bit Drill Time h,Corrected Hookload kkgf,MWD GR Bit Confidence Flag %,Pump Time h,PowerUP Shock Rate 1/s,Total SPM 1/min,Average Hookload kkgf,Total Hookload kkgf,Extrapolated Hole TVD m,MWD Gamma Ray (API BH corrected) gAPI,EDRT unitless,Pump 1 Stroke Rate 1/min,Total Bit Revolutions unitless,Mud Density In g/cm3.1,Weight on Bit kkgf,Hole Depth (TVD) m,MWD Shock Risk unitless,Bit run number unitless,Inverse ROP s/m,Pump 4 Stroke Rate 1/min,Rig Mode unitless,MWD Shock Peak m/s2,SPN Sp_RigMode 2hz unitless,Average Standpipe Pressure kPa,Rate of Penetration (5ft avg) m/h,AJAM_MWD unitless,1/2ft ROP m/h,Hole depth (MD) m,Mud Flow In L/min,BHFG unitless,MWD DNI Temperature degC,Average Surface Torque kN.m,Total Downhole RPM rpm,SHK3TM_RT min,Pump 3 Stroke Rate 1/min,Inverse ROP (5ft avg) s/m,S1AC kPa,S2AC kPa,IMWT g/cm3,OSTM s,RNN
0.00029186642,-0.050081186,0.0008653807,0.0011642218,0.037673995,-0.009702038,0.00018866907,-0.005697563,-0.0027195977,0.00030024795,-0.009052971,0.0035546073,0.023250308,0.0032153646,0.006230838,0.0,-0.010155218,0.023250308,-0.040191427,0.00043615146,-0.0027186417,-0.0011780537,-0.010150363,0.0062435167,0.00012824209,-0.04304508,0.0003044833,0.0,0.0,0.0044344002,0.0,0.0,0.005034075,0.0,-0.01049618,-0.012234969,0.0,-0.008976102,0.00029566753,-0.010155688,0.0,0.0044030664,0.030039394,0.037673995,0.0,-0.010217171,0.008348581,-0.0014096875,-0.004789428,0.00012824209,-0.032227848,0.48224884
Measured Depth m,TOFB s,AVG_CONF unitless,MIN_CONF unitless,Average Rotary Speed rpm,Corrected Surface Weight on Bit kkgf,Corrected Total Hookload kkgf,MWD Turbine RPM rpm,MWD Raw Gamma Ray 1/s,Pump 2 Stroke Rate 1/min,Rate of Penetration m/h,Bit Drill Time h,Corrected Hookload kkgf,MWD GR Bit Confidence Flag %,Pump Time h,PowerUP Shock Rate 1/s,Total SPM 1/min,Average Hookload kkgf,Total Hookload kkgf,Extrapolated Hole TVD m,MWD Gamma Ray (API BH corrected) gAPI,EDRT unitless,Pump 1 Stroke Rate 1/min,Total Bit Revolutions unitless,Mud Density In g/cm3.1,Weight on Bit kkgf,Hole Depth (TVD) m,MWD Shock Risk unitless,Bit run number unitless,Inverse ROP s/m,Pump 4 Stroke Rate 1/min,Rig Mode unitless,MWD Shock Peak m/s2,SPN Sp_RigMode 2hz unitless,Average Standpipe Pressure kPa,Rate of Penetration (5ft avg) m/h,AJAM_MWD unitless,1/2ft ROP m/h,Hole depth (MD) m,Mud Flow In L/min,BHFG unitless,MWD DNI Temperature degC,Average Surface Torque kN.m,Total Downhole RPM rpm,SHK3TM_RT min,Pump 3 Stroke Rate 1/min,Inverse ROP (5ft avg) s/m,S1AC kPa,S2AC kPa,IMWT g/cm3,OSTM s,RNN
-0.0165882,0.104130924,-0.0029134806,-0.002841135,0.0020838885,-0.016999884,-0.016483946,0.010930413,-0.006032489,0.0010839849,0.011744999,-0.018824391,-0.0061962926,0.0016247816,-0.017525647,0.0,0.018606696,-0.0061962926,-0.013353564,-0.016769372,-0.0060312054,0.0024752722,0.018384794,-0.017859597,0.009727969,-0.012774857,-0.016546052,0.0,0.0,-0.004537776,0.0,0.0,0.0027231257,0.0,0.012469533,0.014156191,0.0,0.012776842,-0.01660241,0.018608054,0.0,-0.017025365,0.01123521,0.0020838885,0.0,0.018395448,-0.010294411,0.012614789,0.012590844,0.009727969,0.0021994994,0.5606741
Measured Depth m,TOFB s,AVG_CONF unitless,MIN_CONF unitless,Average Rotary Speed rpm,Corrected Surface Weight on Bit kkgf,Corrected Total Hookload kkgf,MWD Turbine RPM rpm,MWD Raw Gamma Ray 1/s,Pump 2 Stroke Rate 1/min,Rate of Penetration m/h,Bit Drill Time h,Corrected Hookload kkgf,MWD GR Bit Confidence Flag %,Pump Time h,PowerUP Shock Rate 1/s,Total SPM 1/min,Average Hookload kkgf,Total Hookload kkgf,Extrapolated Hole TVD m,MWD Gamma Ray (API BH corrected) gAPI,EDRT unitless,Pump 1 Stroke Rate 1/min,Total Bit Revolutions unitless,Mud Density In g/cm3.1,Weight on Bit kkgf,Hole Depth (TVD) m,MWD Shock Risk unitless,Bit run number unitless,Inverse ROP s/m,Pump 4 Stroke Rate 1/min,Rig Mode unitless,MWD Shock Peak m/s2,SPN Sp_RigMode 2hz unitless,Average Standpipe Pressure kPa,Rate of Penetration (5ft avg) m/h,AJAM_MWD unitless,1/2ft ROP m/h,Hole depth (MD) m,Mud Flow In L/min,BHFG unitless,MWD DNI Temperature degC,Average Surface Torque kN.m,Total Downhole RPM rpm,SHK3TM_RT min,Pump 3 Stroke Rate 1/min,Inverse ROP (5ft avg) s/m,S1AC kPa,S2AC kPa,IMWT g/cm3,OSTM s,RNN
0.004830775,-0.07028407,-0.004844697,-0.0038206237,0.012968459,0.001602559,0.00462822,-0.0030034806,0.010062141,0.00041849847,-0.017963102,0.009373426,0.009872075,0.0044553615,0.012566706,0.0,-0.0064683734,0.009872075,-0.07451066,0.0049107624,0.010060272,-0.000711563,-0.0064859507,0.013626229,0.0015376798,-0.076982535,0.0047149346,0.0,0.0,0.008960317,0.0,0.0,0.004687266,0.0,-0.0038775022,-0.020110413,0.0,-0.018421017,0.00484125,-0.006469302,0.0,0.008509875,0.0055618105,0.012968459,0.0,-0.006553417,0.013051067,-0.004952703,-0.007813554,0.0015376798,-0.061685607,0.5876247
Measured Depth m,TOFB s,AVG_CONF unitless,MIN_CONF unitless,Average Rotary Speed rpm,Corrected Surface Weight on Bit kkgf,Corrected Total Hookload kkgf,MWD Turbine RPM rpm,MWD Raw Gamma Ray 1/s,Pump 2 Stroke Rate 1/min,Rate of Penetration m/h,Bit Drill Time h,Corrected Hookload kkgf,MWD GR Bit Confidence Flag %,Pump Time h,PowerUP Shock Rate 1/s,Total SPM 1/min,Average Hookload kkgf,Total Hookload kkgf,Extrapolated Hole TVD m,MWD Gamma Ray (API BH corrected) gAPI,EDRT unitless,Pump 1 Stroke Rate 1/min,Total Bit Revolutions unitless,Mud Density In g/cm3.1,Weight on Bit kkgf,Hole Depth (TVD) m,MWD Shock Risk unitless,Bit run number unitless,Inverse ROP s/m,Pump 4 Stroke Rate 1/min,Rig Mode unitless,MWD Shock Peak m/s2,SPN Sp_RigMode 2hz unitless,Average Standpipe Pressure kPa,Rate of Penetration (5ft avg) m/h,AJAM_MWD unitless,1/2ft ROP m/h,Hole depth (MD) m,Mud Flow In L/min,BHFG unitless,MWD DNI Temperature degC,Average Surface Torque kN.m,Total Downhole RPM rpm,SHK3TM_RT min,Pump 3 Stroke Rate 1/min,Inverse ROP (5ft avg) s/m,S1AC kPa,S2AC kPa,IMWT g/cm3,OSTM s,RNN
-0.008458916,-0.03337827,0.011185275,0.0069969017,0.05048931,-0.024972208,-0.008376123,-0.01588253,-0.024359236,0.001532492,-0.03133307,-0.007281208,0.051330853,0.00069872197,0.0018001329,0.0,-0.025477882,0.051330853,-0.0032320742,-0.008255756,-0.02435273,-0.003913407,-0.025690049,0.0005926443,-0.0044511217,-0.009318917,-0.008187526,0.0,0.0,0.017234374,0.0,0.0,0.0014677034,0.0,-0.029086372,-0.03851276,0.0,-0.032402806,-0.008466633,-0.025476841,0.0,0.0044502704,0.031945553,0.05048931,0.0,-0.025781276,0.032265004,-0.0035386279,-0.0041204165,-0.0044511217,-0.0157826,0.7726408
Measured Depth m,TOFB s,AVG_CONF unitless,MIN_CONF unitless,Average Rotary Speed rpm,Corrected Surface Weight on Bit kkgf,Corrected Total Hookload kkgf,MWD Turbine RPM rpm,MWD Raw Gamma Ray 1/s,Pump 2 Stroke Rate 1/min,Rate of Penetration m/h,Bit Drill Time h,Corrected Hookload kkgf,MWD GR Bit Confidence Flag %,Pump Time h,PowerUP Shock Rate 1/s,Total SPM 1/min,Average Hookload kkgf,Total Hookload kkgf,Extrapolated Hole TVD m,MWD Gamma Ray (API BH corrected) gAPI,EDRT unitless,Pump 1 Stroke Rate 1/min,Total Bit Revolutions unitless,Mud Density In g/cm3.1,Weight on Bit kkgf,Hole Depth (TVD) m,MWD Shock Risk unitless,Bit run number unitless,Inverse ROP s/m,Pump 4 Stroke Rate 1/min,Rig Mode unitless,MWD Shock Peak m/s2,SPN Sp_RigMode 2hz unitless,Average Standpipe Pressure kPa,Rate of Penetration (5ft avg) m/h,AJAM_MWD unitless,1/2ft ROP m/h,Hole depth (MD) m,Mud Flow In L/min,BHFG unitless,MWD DNI Temperature degC,Average Surface Torque kN.m,Total Downhole RPM rpm,SHK3TM_RT min,Pump 3 Stroke Rate 1/min,Inverse ROP (5ft avg) s/m,S1AC kPa,S2AC kPa,IMWT g/cm3,OSTM s,RNN
-0.04102209,0.09907473,-0.011205447,-0.014087749,0.028534058,-0.049865477,-0.040995054,0.0077024945,-0.0023705661,0.0029284402,-0.03381897,-0.03486706,0.026493454,0.011283355,-0.019713135,0.0,0.0096024135,0.026493454,-0.164777,-0.041024443,-0.002368642,0.0035483558,0.009281782,-0.019412568,0.03065019,-0.16670953,-0.04078143,0.0,0.0,0.018032929,0.0,0.0,-0.00594219,0.0,-0.0015644607,-0.04032201,0.0,-0.0341882,-0.041044716,0.009603302,0.0,-0.028414274,0.015206904,0.028534058,0.0,0.009215177,0.028975336,0.001559181,-0.0031885114,0.03065019,-0.12326544,0.21746174
Measured Depth m,TOFB s,AVG_CONF unitless,MIN_CONF unitless,Average Rotary Speed rpm,Corrected Surface Weight on Bit kkgf,Corrected Total Hookload kkgf,MWD Turbine RPM rpm,MWD Raw Gamma Ray 1/s,Pump 2 Stroke Rate 1/min,Rate of Penetration m/h,Bit Drill Time h,Corrected Hookload kkgf,MWD GR Bit Confidence Flag %,Pump Time h,PowerUP Shock Rate 1/s,Total SPM 1/min,Average Hookload kkgf,Total Hookload kkgf,Extrapolated Hole TVD m,MWD Gamma Ray (API BH corrected) gAPI,EDRT unitless,Pump 1 Stroke Rate 1/min,Total Bit Revolutions unitless,Mud Density In g/cm3.1,Weight on Bit kkgf,Hole Depth (TVD) m,MWD Shock Risk unitless,Bit run number unitless,Inverse ROP s/m,Pump 4 Stroke Rate 1/min,Rig Mode unitless,MWD Shock Peak m/s2,SPN Sp_RigMode 2hz unitless,Average Standpipe Pressure kPa,Rate of Penetration (5ft avg) m/h,AJAM_MWD unitless,1/2ft ROP m/h,Hole depth (MD) m,Mud Flow In L/min,BHFG unitless,MWD DNI Temperature degC,Average Surface Torque kN.m,Total Downhole RPM rpm,SHK3TM_RT min,Pump 3 Stroke Rate 1/min,Inverse ROP (5ft avg) s/m,S1AC kPa,S2AC kPa,IMWT g/cm3,OSTM s,RNN
-0.0011847909,0.1356367,-0.00984477,-0.015738867,-0.0052667167,-0.00878695,-0.0008864802,0.03745496,0.013113621,0.002996806,-0.065259255,0.0060251956,0.02923909,0.0026890526,0.029010374,0.0,0.038147703,0.02923909,-0.108273484,-0.0009614643,0.013110539,0.008830489,0.037813198,0.029795082,0.042822152,-0.109777614,-0.00056492456,0.0,0.0,0.030548833,0.0,0.0,-0.009182273,0.0,0.021516996,-0.0784507,0.0,-0.06833857,-0.0011737379,0.03815039,0.0,0.020352673,-0.015589056,-0.0052667167,0.0,0.037754033,0.05605811,0.009098427,-0.0043479097,0.042822152,-0.13618198,0.54752475
Measured Depth m,TOFB s,AVG_CONF unitless,MIN_CONF unitless,Average Rotary Speed rpm,Corrected Surface Weight on Bit kkgf,Corrected Total Hookload kkgf,MWD Turbine RPM rpm,MWD Raw Gamma Ray 1/s,Pump 2 Stroke Rate 1/min,Rate of Penetration m/h,Bit Drill Time h,Corrected Hookload kkgf,MWD GR Bit Confidence Flag %,Pump Time h,PowerUP Shock Rate 1/s,Total SPM 1/min,Average Hookload kkgf,Total Hookload kkgf,Extrapolated Hole TVD m,MWD Gamma Ray (API BH corrected) gAPI,EDRT unitless,Pump 1 Stroke Rate 1/min,Total Bit Revolutions unitless,Mud Density In g/cm3.1,Weight on Bit kkgf,Hole Depth (TVD) m,MWD Shock Risk unitless,Bit run number unitless,Inverse ROP s/m,Pump 4 Stroke Rate 1/min,Rig Mode unitless,MWD Shock Peak m/s2,SPN Sp_RigMode 2hz unitless,Average Standpipe Pressure kPa,Rate of Penetration (5ft avg) m/h,AJAM_MWD unitless,1/2ft ROP m/h,Hole depth (MD) m,Mud Flow In L/min,BHFG unitless,MWD DNI Temperature degC,Average Surface Torque kN.m,Total Downhole RPM rpm,SHK3TM_RT min,Pump 3 Stroke Rate 1/min,Inverse ROP (5ft avg) s/m,S1AC kPa,S2AC kPa,IMWT g/cm3,OSTM s,RNN
-0.026119923,0.10971376,-0.004998866,-0.014378825,0.07636818,-0.054445177,-0.024984853,-0.0020356122,0.022352366,0.0032642644,-0.094506145,-0.016246093,0.09965436,-0.010501556,0.019075928,0.0,-0.013524717,0.09965436,-0.058276612,-0.024767742,0.022347068,0.004631885,-0.013852875,0.01860369,0.027505357,-0.06998418,-0.024431838,0.0,0.0,0.046264805,0.0,0.0,0.010250019,0.0,-0.038289506,-0.11523237,0.0,-0.09918464,-0.026129927,-0.013519742,0.0,0.019962257,0.034260295,0.07636818,0.0,-0.013954847,0.08781778,-0.0067957356,-0.04055187,0.027505357,-0.119033545,0.9140009
Measured Depth m,TOFB s,AVG_CONF unitless,MIN_CONF unitless,Average Rotary Speed rpm,Corrected Surface Weight on Bit kkgf,Corrected Total Hookload kkgf,MWD Turbine RPM rpm,MWD Raw Gamma Ray 1/s,Pump 2 Stroke Rate 1/min,Rate of Penetration m/h,Bit Drill Time h,Corrected Hookload kkgf,MWD GR Bit Confidence Flag %,Pump Time h,PowerUP Shock Rate 1/s,Total SPM 1/min,Average Hookload kkgf,Total Hookload kkgf,Extrapolated Hole TVD m,MWD Gamma Ray (API BH corrected) gAPI,EDRT unitless,Pump 1 Stroke Rate 1/min,Total Bit Revolutions unitless,Mud Density In g/cm3.1,Weight on Bit kkgf,Hole Depth (TVD) m,MWD Shock Risk unitless,Bit run number unitless,Inverse ROP s/m,Pump 4 Stroke Rate 1/min,Rig Mode unitless,MWD Shock Peak m/s2,SPN Sp_RigMode 2hz unitless,Average Standpipe Pressure kPa,Rate of Penetration (5ft avg) m/h,AJAM_MWD unitless,1/2ft ROP m/h,Hole depth (MD) m,Mud Flow In L/min,BHFG unitless,MWD DNI Temperature degC,Average Surface Torque kN.m,Total Downhole RPM rpm,SHK3TM_RT min,Pump 3 Stroke Rate 1/min,Inverse ROP (5ft avg) s/m,S1AC kPa,S2AC kPa,IMWT g/cm3,OSTM s,RNN
-0.03519461,0.30743968,0.004377622,-2.3968374e-05,-0.034933772,-0.021992728,-0.035280198,0.034963936,-0.043945994,0.0022885383,0.02195176,-0.040003713,-0.033318277,0.002500771,-0.03555548,0.0,0.045156494,-0.033318277,0.016152933,-0.035708953,-0.04393571,0.018468885,0.044807393,-0.03762803,0.059299693,0.019792182,-0.035196748,0.0,0.0,-0.00936085,0.0,0.0,-0.029722216,0.0,0.02963453,0.0323889,0.0,0.023439692,-0.035219125,0.045159124,0.0,-0.035800926,-0.017911224,-0.034933772,0.0,0.044858824,-0.027065562,0.012215454,0.02063104,0.059299693,0.0220371,0.95371985
Measured Depth m,TOFB s,AVG_CONF unitless,MIN_CONF unitless,Average Rotary Speed rpm,Corrected Surface Weight on Bit kkgf,Corrected Total Hookload kkgf,MWD Turbine RPM rpm,MWD Raw Gamma Ray 1/s,Pump 2 Stroke Rate 1/min,Rate of Penetration m/h,Bit Drill Time h,Corrected Hookload kkgf,MWD GR Bit Confidence Flag %,Pump Time h,PowerUP Shock Rate 1/s,Total SPM 1/min,Average Hookload kkgf,Total Hookload kkgf,Extrapolated Hole TVD m,MWD Gamma Ray (API BH corrected) gAPI,EDRT unitless,Pump 1 Stroke Rate 1/min,Total Bit Revolutions unitless,Mud Density In g/cm3.1,Weight on Bit kkgf,Hole Depth (TVD) m,MWD Shock Risk unitless,Bit run number unitless,Inverse ROP s/m,Pump 4 Stroke Rate 1/min,Rig Mode unitless,MWD Shock Peak m/s2,SPN Sp_RigMode 2hz unitless,Average Standpipe Pressure kPa,Rate of Penetration (5ft avg) m/h,AJAM_MWD unitless,1/2ft ROP m/h,Hole depth (MD) m,Mud Flow In L/min,BHFG unitless,MWD DNI Temperature degC,Average Surface Torque kN.m,Total Downhole RPM rpm,SHK3TM_RT min,Pump 3 Stroke Rate 1/min,Inverse ROP (5ft avg) s/m,S1AC kPa,S2AC kPa,IMWT g/cm3,OSTM s,RNN
0.000106182364,-0.6210997,0.021137571,0.010224643,0.29198664,-0.07990474,0.00062109437,-0.13270158,0.038038515,-0.001023509,-0.17504413,0.018043142,0.21956775,-0.01676812,0.049318254,0.0,-0.102992564,0.21956775,-0.06073749,0.0018329237,0.038033422,-0.13488726,-0.06587788,0.05078854,-0.34284648,-0.10142142,0.0012825518,0.0,0.0,0.037110075,0.0,0.0,0.05545187,0.0,-0.15048511,-0.2563902,0.0,-0.19903079,0.00010559126,-0.06807637,0.0,0.057023995,0.12056133,0.29198664,0.0,-0.06910337,0.16052988,-0.05803954,-0.11839001,-0.34284648,-0.1573148,0.76527
Measured Depth m,TOFB s,AVG_CONF unitless,MIN_CONF unitless,Average Rotary Speed rpm,Corrected Surface Weight on Bit kkgf,Corrected Total Hookload kkgf,MWD Turbine RPM rpm,MWD Raw Gamma Ray 1/s,Pump 2 Stroke Rate 1/min,Rate of Penetration m/h,Bit Drill Time h,Corrected Hookload kkgf,MWD GR Bit Confidence Flag %,Pump Time h,PowerUP Shock Rate 1/s,Total SPM 1/min,Average Hookload kkgf,Total Hookload kkgf,Extrapolated Hole TVD m,MWD Gamma Ray (API BH corrected) gAPI,EDRT unitless,Pump 1 Stroke Rate 1/min,Total Bit Revolutions unitless,Mud Density In g/cm3.1,Weight on Bit kkgf,Hole Depth (TVD) m,MWD Shock Risk unitless,Bit run number unitless,Inverse ROP s/m,Pump 4 Stroke Rate 1/min,Rig Mode unitless,MWD Shock Peak m/s2,SPN Sp_RigMode 2hz unitless,Average Standpipe Pressure kPa,Rate of Penetration (5ft avg) m/h,AJAM_MWD unitless,1/2ft ROP m/h,Hole depth (MD) m,Mud Flow In L/min,BHFG unitless,MWD DNI Temperature degC,Average Surface Torque kN.m,Total Downhole RPM rpm,SHK3TM_RT min,Pump 3 Stroke Rate 1/min,Inverse ROP (5ft avg) s/m,S1AC kPa,S2AC kPa,IMWT g/cm3,OSTM s,RNN
-0.0076243533,-0.49725002,0.04256653,0.019616734,0.19904105,-0.082695946,-0.0071013016,-0.124165446,-0.015432731,0.0010539413,-0.2157367,0.007282108,0.20850085,-0.020661114,0.05223054,0.0,-0.09849966,0.20850085,0.012346796,-0.006302448,-0.015427025,-0.20132837,-0.06314891,0.052058924,-0.4968154,-0.030155592,-0.0062122135,0.0,0.0,0.043492425,0.0,0.0,0.04357305,0.0,-0.14363666,-0.29963613,0.0,-0.24742863,-0.0076337014,-0.065288864,0.0,0.06634905,0.07281195,0.19904105,0.0,-0.066500954,0.18585211,-0.08178142,-0.13680238,-0.4968154,-0.16574574,0.89719516
Measured Depth m,TOFB s,AVG_CONF unitless,MIN_CONF unitless,Average Rotary Speed rpm,Corrected Surface Weight on Bit kkgf,Corrected Total Hookload kkgf,MWD Turbine RPM rpm,MWD Raw Gamma Ray 1/s,Pump 2 Stroke Rate 1/min,Rate of Penetration m/h,Bit Drill Time h,Corrected Hookload kkgf,MWD GR Bit Confidence Flag %,Pump Time h,PowerUP Shock Rate 1/s,Total SPM 1/min,Average Hookload kkgf,Total Hookload kkgf,Extrapolated Hole TVD m,MWD Gamma Ray (API BH corrected) gAPI,EDRT unitless,Pump 1 Stroke Rate 1/min,Total Bit Revolutions unitless,Mud Density In g/cm3.1,Weight on Bit kkgf,Hole Depth (TVD) m,MWD Shock Risk unitless,Bit run number unitless,Inverse ROP s/m,Pump 4 Stroke Rate 1/min,Rig Mode unitless,MWD Shock Peak m/s2,SPN Sp_RigMode 2hz unitless,Average Standpipe Pressure kPa,Rate of Penetration (5ft avg) m/h,AJAM_MWD unitless,1/2ft ROP m/h,Hole depth (MD) m,Mud Flow In L/min,BHFG unitless,MWD DNI Temperature degC,Average Surface Torque kN.m,Total Downhole RPM rpm,SHK3TM_RT min,Pump 3 Stroke Rate 1/min,Inverse ROP (5ft avg) s/m,S1AC kPa,S2AC kPa,IMWT g/cm3,OSTM s,RNN
-0.01803223,-0.43555602,0.05134392,0.044670284,0.20462622,-0.06427974,-0.020178366,-0.09023601,-0.054392304,-0.0007511151,-0.03135581,-0.020663233,0.12416305,-0.0026473822,-0.027524987,0.0,-0.05750906,0.12416305,-0.021676587,-0.01946776,-0.05437742,-0.29293525,-0.03618321,-0.024738079,-0.73034346,-0.044189636,-0.019745769,0.0,0.0,0.008862802,0.0,0.0,0.023509001,0.0,-0.06847245,-0.06462417,0.0,-0.032611057,-0.018043416,-0.038850047,0.0,-0.0141471485,0.13714598,0.20462622,0.0,-0.04078252,0.05303679,-0.05606812,-0.07292468,-0.73034346,0.044137266,1.006877
Measured Depth m,TOFB s,AVG_CONF unitless,MIN_CONF unitless,Average Rotary Speed rpm,Corrected Surface Weight on Bit kkgf,Corrected Total Hookload kkgf,MWD Turbine RPM rpm,MWD Raw Gamma Ray 1/s,Pump 2 Stroke Rate 1/min,Rate of Penetration m/h,Bit Drill Time h,Corrected Hookload kkgf,MWD GR Bit Confidence Flag %,Pump Time h,PowerUP Shock Rate 1/s,Total SPM 1/min,Average Hookload kkgf,Total Hookload kkgf,Extrapolated Hole TVD m,MWD Gamma Ray (API BH corrected) gAPI,EDRT unitless,Pump 1 Stroke Rate 1/min,Total Bit Revolutions unitless,Mud Density In g/cm3.1,Weight on Bit kkgf,Hole Depth (TVD) m,MWD Shock Risk unitless,Bit run number unitless,Inverse ROP s/m,Pump 4 Stroke Rate 1/min,Rig Mode unitless,MWD Shock Peak m/s2,SPN Sp_RigMode 2hz unitless,Average Standpipe Pressure kPa,Rate of Penetration (5ft avg) m/h,AJAM_MWD unitless,1/2ft ROP m/h,Hole depth (MD) m,Mud Flow In L/min,BHFG unitless,MWD DNI Temperature degC,Average Surface Torque kN.m,Total Downhole RPM rpm,SHK3TM_RT min,Pump 3 Stroke Rate 1/min,Inverse ROP (5ft avg) s/m,S1AC kPa,S2AC kPa,IMWT g/cm3,OSTM s,RNN
-0.017203553,-0.8446724,-0.0062094745,0.009267171,0.3749409,-0.10305123,-0.02138083,-0.1362718,0.06312213,-0.0033191822,-0.047958758,-0.011752985,0.22424677,-0.003510397,-0.03225716,0.0,-0.08755528,0.22424677,-0.3256356,-0.020140018,0.063113764,-0.20097983,-0.054609403,-0.022097528,-0.5004701,-0.3515174,-0.020807115,0.0,0.0,0.013726307,0.0,0.0,0.04909046,0.0,-0.09532138,-0.09308903,0.0,-0.046107683,-0.01720859,-0.059413083,0.0,-0.033415444,0.22569096,0.3749409,0.0,-0.0628851,0.07790566,-0.060440145,-0.12791778,-0.5004701,-0.16397563,1.2758129
Measured Depth m,TOFB s,AVG_CONF unitless,MIN_CONF unitless,Average Rotary Speed rpm,Corrected Surface Weight on Bit kkgf,Corrected Total Hookload kkgf,MWD Turbine RPM rpm,MWD Raw Gamma Ray 1/s,Pump 2 Stroke Rate 1/min,Rate of Penetration m/h,Bit Drill Time h,Corrected Hookload kkgf,MWD GR Bit Confidence Flag %,Pump Time h,PowerUP Shock Rate 1/s,Total SPM 1/min,Average Hookload kkgf,Total Hookload kkgf,Extrapolated Hole TVD m,MWD Gamma Ray (API BH corrected) gAPI,EDRT unitless,Pump 1 Stroke Rate 1/min,Total Bit Revolutions unitless,Mud Density In g/cm3.1,Weight on Bit kkgf,Hole Depth (TVD) m,MWD Shock Risk unitless,Bit run number unitless,Inverse ROP s/m,Pump 4 Stroke Rate 1/min,Rig Mode unitless,MWD Shock Peak m/s2,SPN Sp_RigMode 2hz unitless,Average Standpipe Pressure kPa,Rate of Penetration (5ft avg) m/h,AJAM_MWD unitless,1/2ft ROP m/h,Hole depth (MD) m,Mud Flow In L/min,BHFG unitless,MWD DNI Temperature degC,Average Surface Torque kN.m,Total Downhole RPM rpm,SHK3TM_RT min,Pump 3 Stroke Rate 1/min,Inverse ROP (5ft avg) s/m,S1AC kPa,S2AC kPa,IMWT g/cm3,OSTM s,RNN
-0.042695142,-0.1566323,0.03387043,0.03328721,0.11113269,-0.06946111,-0.04465071,-0.067930415,-0.05784434,0.00064885063,-0.0019641905,-0.050140228,0.06552771,-0.0015307538,-0.058679454,0.0,-0.041323297,0.06552771,0.0028584574,-0.044491354,-0.057830963,-0.28869754,-0.02635773,-0.056170482,-0.71054095,-0.009718633,-0.044411954,0.0,0.0,0.0037234752,0.0,0.0,0.011804545,0.0,-0.051316436,-0.020138042,0.0,0.00074049976,-0.042725172,-0.027783403,0.0,-0.046191853,0.077821195,0.11113269,0.0,-0.028877527,0.025772013,-0.013738665,-0.045494914,-0.71054095,0.09539409,0.46143484
Measured Depth m,TOFB s,AVG_CONF unitless,MIN_CONF unitless,Average Rotary Speed rpm,Corrected Surface Weight on Bit kkgf,Corrected Total Hookload kkgf,MWD Turbine RPM rpm,MWD Raw Gamma Ray 1/s,Pump 2 Stroke Rate 1/min,Rate of Penetration m/h,Bit Drill Time h,Corrected Hookload kkgf,MWD GR Bit Confidence Flag %,Pump Time h,PowerUP Shock Rate 1/s,Total SPM 1/min,Average Hookload kkgf,Total Hookload kkgf,Extrapolated Hole TVD m,MWD Gamma Ray (API BH corrected) gAPI,EDRT unitless,Pump 1 Stroke Rate 1/min,Total Bit Revolutions unitless,Mud Density In g/cm3.1,Weight on Bit kkgf,Hole Depth (TVD) m,MWD Shock Risk unitless,Bit run number unitless,Inverse ROP s/m,Pump 4 Stroke Rate 1/min,Rig Mode unitless,MWD Shock Peak m/s2,SPN Sp_RigMode 2hz unitless,Average Standpipe Pressure kPa,Rate of Penetration (5ft avg) m/h,AJAM_MWD unitless,1/2ft ROP m/h,Hole depth (MD) m,Mud Flow In L/min,BHFG unitless,MWD DNI Temperature degC,Average Surface Torque kN.m,Total Downhole RPM rpm,SHK3TM_RT min,Pump 3 Stroke Rate 1/min,Inverse ROP (5ft avg) s/m,S1AC kPa,S2AC kPa,IMWT g/cm3,OSTM s,RNN
-0.05027997,-0.2777887,0.01386532,0.024286939,0.14098936,-0.072328,-0.052225765,-0.076684035,-0.012014488,-0.00082100264,0.029575108,-0.0563911,0.080856815,0.0005302229,-0.07506377,0.0,-0.04449177,0.080856815,-0.075014815,-0.051751897,-0.012010469,-0.3139934,-0.027654374,-0.07142709,-0.78712726,-0.08353194,-0.05214701,0.0,0.0,-0.0001866921,0.0,0.0,0.016480938,0.0,-0.053473335,0.017020976,0.0,0.035162482,-0.050306164,-0.029830603,0.0,-0.06394351,0.111625336,0.14098936,0.0,-0.031544562,0.011381595,-0.018460313,-0.06053031,-0.78712726,0.088499926,0.84914744
Measured Depth m,TOFB s,AVG_CONF unitless,MIN_CONF unitless,Average Rotary Speed rpm,Corrected Surface Weight on Bit kkgf,Corrected Total Hookload kkgf,MWD Turbine RPM rpm,MWD Raw Gamma Ray 1/s,Pump 2 Stroke Rate 1/min,Rate of Penetration m/h,Bit Drill Time h,Corrected Hookload kkgf,MWD GR Bit Confidence Flag %,Pump Time h,PowerUP Shock Rate 1/s,Total SPM 1/min,Average Hookload kkgf,Total Hookload kkgf,Extrapolated Hole TVD m,MWD Gamma Ray (API BH corrected) gAPI,EDRT unitless,Pump 1 Stroke Rate 1/min,Total Bit Revolutions unitless,Mud Density In g/cm3.1,Weight on Bit kkgf,Hole Depth (TVD) m,MWD Shock Risk unitless,Bit run number unitless,Inverse ROP s/m,Pump 4 Stroke Rate 1/min,Rig Mode unitless,MWD Shock Peak m/s2,SPN Sp_RigMode 2hz unitless,Average Standpipe Pressure kPa,Rate of Penetration (5ft avg) m/h,AJAM_MWD unitless,1/2ft ROP m/h,Hole depth (MD) m,Mud Flow In L/min,BHFG unitless,MWD DNI Temperature degC,Average Surface Torque kN.m,Total Downhole RPM rpm,SHK3TM_RT min,Pump 3 Stroke Rate 1/min,Inverse ROP (5ft avg) s/m,S1AC kPa,S2AC kPa,IMWT g/cm3,OSTM s,RNN
-0.061027993,-0.24398784,0.018469771,0.03355065,0.3041423,-0.09211714,-0.06338627,-0.06910021,-0.02533429,-0.0010641869,0.121635616,-0.06961147,0.12284544,-0.0010567381,-0.099734135,0.0,-0.034924634,0.12284544,-0.0870185,-0.062572464,-0.0253268,-0.3299026,-0.019720854,-0.09633454,-0.81707835,-0.10072405,-0.06333058,0.0,0.0,-0.014399012,0.0,0.0,0.021950921,0.0,-0.043022066,0.12369918,0.0,0.13476783,-0.061053447,-0.022727797,0.0,-0.08832407,0.22737157,0.3041423,0.0,-0.025371296,-0.0416137,0.011269621,-0.04954835,-0.81707835,0.18711658,0.22909993
Measured Depth m,TOFB s,AVG_CONF unitless,MIN_CONF unitless,Average Rotary Speed rpm,Corrected Surface Weight on Bit kkgf,Corrected Total Hookload kkgf,MWD Turbine RPM rpm,MWD Raw Gamma Ray 1/s,Pump 2 Stroke Rate 1/min,Rate of Penetration m/h,Bit Drill Time h,Corrected Hookload kkgf,MWD GR Bit Confidence Flag %,Pump Time h,PowerUP Shock Rate 1/s,Total SPM 1/min,Average Hookload kkgf,Total Hookload kkgf,Extrapolated Hole TVD m,MWD Gamma Ray (API BH corrected) gAPI,EDRT unitless,Pump 1 Stroke Rate 1/min,Total Bit Revolutions unitless,Mud Density In g/cm3.1,Weight on Bit kkgf,Hole Depth (TVD) m,MWD Shock Risk unitless,Bit run number unitless,Inverse ROP s/m,Pump 4 Stroke Rate 1/min,Rig Mode unitless,MWD Shock Peak m/s2,SPN Sp_RigMode 2hz unitless,Average Standpipe Pressure kPa,Rate of Penetration (5ft avg) m/h,AJAM_MWD unitless,1/2ft ROP m/h,Hole depth (MD) m,Mud Flow In L/min,BHFG unitless,MWD DNI Temperature degC,Average Surface Torque kN.m,Total Downhole RPM rpm,SHK3TM_RT min,Pump 3 Stroke Rate 1/min,Inverse ROP (5ft avg) s/m,S1AC kPa,S2AC kPa,IMWT g/cm3,OSTM s,RNN
-0.041197818,-0.42540374,-0.0128966095,0.0118461,0.11460891,-0.061449368,-0.044513006,-0.1127221,0.016090007,-0.002244235,0.041778952,-0.04957137,0.07182615,-0.002199765,-0.08574584,0.0,-0.06625248,0.07182615,-0.166535,-0.04437038,0.016085822,-0.3698391,-0.04185978,-0.078425094,-0.922523,-0.16344437,-0.044892564,0.0,0.0,-0.0024185376,0.0,0.0,0.015387195,0.0,-0.06789961,0.0350799,0.0,0.04804073,-0.04121119,-0.044707544,0.0,-0.0825631,0.11659362,0.11460891,0.0,-0.046785235,-0.0012055153,-0.045915347,-0.075541794,-0.922523,0.062464055,1.5937587
Measured Depth m,TOFB s,AVG_CONF unitless,MIN_CONF unitless,Average Rotary Speed rpm,Corrected Surface Weight on Bit kkgf,Corrected Total Hookload kkgf,MWD Turbine RPM rpm,MWD Raw Gamma Ray 1/s,Pump 2 Stroke Rate 1/min,Rate of Penetration m/h,Bit Drill Time h,Corrected Hookload kkgf,MWD GR Bit Confidence Flag %,Pump Time h,PowerUP Shock Rate 1/s,Total SPM 1/min,Average Hookload kkgf,Total Hookload kkgf,Extrapolated Hole TVD m,MWD Gamma Ray (API BH corrected) gAPI,EDRT unitless,Pump 1 Stroke Rate 1/min,Total Bit Revolutions unitless,Mud Density In g/cm3.1,Weight on Bit kkgf,Hole Depth (TVD) m,MWD Shock Risk unitless,Bit run number unitless,Inverse ROP s/m,Pump 4 Stroke Rate 1/min,Rig Mode unitless,MWD Shock Peak m/s2,SPN Sp_RigMode 2hz unitless,Average Standpipe Pressure kPa,Rate of Penetration (5ft avg) m/h,AJAM_MWD unitless,1/2ft ROP m/h,Hole depth (MD) m,Mud Flow In L/min,BHFG unitless,MWD DNI Temperature degC,Average Surface Torque kN.m,Total Downhole RPM rpm,SHK3TM_RT min,Pump 3 Stroke Rate 1/min,Inverse ROP (5ft avg) s/m,S1AC kPa,S2AC kPa,IMWT g/cm3,OSTM s,RNN
-0.046786603,-0.15907559,0.0077620023,0.032714177,0.24193433,-0.072323844,-0.050708875,-0.086649515,-0.085817955,-0.00018930953,0.1275322,-0.061415173,0.073613465,-0.0032121555,-0.10022561,0.0,-0.04603592,0.073613465,-0.067125894,-0.050447002,-0.08579488,-0.38430727,-0.02741204,-0.09440866,-0.9637577,-0.075897366,-0.050916377,0.0,0.0,-0.017081266,0.0,0.0,0.011070559,0.0,-0.047474798,0.13560413,0.0,0.13913321,-0.046810307,-0.030395327,0.0,-0.085310414,0.20499715,0.24193433,0.0,-0.03301217,-0.054754015,-0.0071790623,-0.017185614,-0.9637577,0.22028151,1.4874393
Measured Depth m,TOFB s,AVG_CONF unitless,MIN_CONF unitless,Average Rotary Speed rpm,Corrected Surface Weight on Bit kkgf,Corrected Total Hookload kkgf,MWD Turbine RPM rpm,MWD Raw Gamma Ray 1/s,Pump 2 Stroke Rate 1/min,Rate of Penetration m/h,Bit Drill Time h,Corrected Hookload kkgf,MWD GR Bit Confidence Flag %,Pump Time h,PowerUP Shock Rate 1/s,Total SPM 1/min,Average Hookload kkgf,Total Hookload kkgf,Extrapolated Hole TVD m,MWD Gamma Ray (API BH corrected) gAPI,EDRT unitless,Pump 1 Stroke Rate 1/min,Total Bit Revolutions unitless,Mud Density In g/cm3.1,Weight on Bit kkgf,Hole Depth (TVD) m,MWD Shock Risk unitless,Bit run number unitless,Inverse ROP s/m,Pump 4 Stroke Rate 1/min,Rig Mode unitless,MWD Shock Peak m/s2,SPN Sp_RigMode 2hz unitless,Average Standpipe Pressure kPa,Rate of Penetration (5ft avg) m/h,AJAM_MWD unitless,1/2ft ROP m/h,Hole depth (MD) m,Mud Flow In L/min,BHFG unitless,MWD DNI Temperature degC,Average Surface Torque kN.m,Total Downhole RPM rpm,SHK3TM_RT min,Pump 3 Stroke Rate 1/min,Inverse ROP (5ft avg) s/m,S1AC kPa,S2AC kPa,IMWT g/cm3,OSTM s,RNN
-0.0072886674,-0.3560231,-0.1419343,-0.020202097,-0.042992197,0.10322853,-0.019923683,-0.20309097,-0.12761575,-0.010910514,0.6592596,-0.049546022,-0.33311006,0.028199403,-0.19211918,0.0,-0.1005503,-0.33311006,-0.489595,-0.020468727,-0.12757629,-0.36366594,-0.06071582,-0.17687678,-0.9531725,-0.36431047,-0.021447105,0.0,0.0,-0.11767693,0.0,0.0,-0.02298972,0.0,-0.0004944975,0.8370244,0.0,0.69695944,-0.007275683,-0.065102264,0.0,-0.23651649,0.1176572,-0.042992197,0.0,-0.06903499,-0.48228112,-0.06833937,0.1164498,-0.9531725,0.41176862,1.2366283
Measured Depth m,TOFB s,AVG_CONF unitless,MIN_CONF unitless,Average Rotary Speed rpm,Corrected Surface Weight on Bit kkgf,Corrected Total Hookload kkgf,MWD Turbine RPM rpm,MWD Raw Gamma Ray 1/s,Pump 2 Stroke Rate 1/min,Rate of Penetration m/h,Bit Drill Time h,Corrected Hookload kkgf,MWD GR Bit Confidence Flag %,Pump Time h,PowerUP Shock Rate 1/s,Total SPM 1/min,Average Hookload kkgf,Total Hookload kkgf,Extrapolated Hole TVD m,MWD Gamma Ray (API BH corrected) gAPI,EDRT unitless,Pump 1 Stroke Rate 1/min,Total Bit Revolutions unitless,Mud Density In g/cm3.1,Weight on Bit kkgf,Hole Depth (TVD) m,MWD Shock Risk unitless,Bit run number unitless,Inverse ROP s/m,Pump 4 Stroke Rate 1/min,Rig Mode unitless,MWD Shock Peak m/s2,SPN Sp_RigMode 2hz unitless,Average Standpipe Pressure kPa,Rate of Penetration (5ft avg) m/h,AJAM_MWD unitless,1/2ft ROP m/h,Hole depth (MD) m,Mud Flow In L/min,BHFG unitless,MWD DNI Temperature degC,Average Surface Torque kN.m,Total Downhole RPM rpm,SHK3TM_RT min,Pump 3 Stroke Rate 1/min,Inverse ROP (5ft avg) s/m,S1AC kPa,S2AC kPa,IMWT g/cm3,OSTM s,RNN
0.008485287,-0.55526906,-0.18151137,-0.04706144,-0.18046847,0.1358457,0.0049415827,-0.15466669,0.068579435,-0.010834084,0.48881972,-0.018990334,-0.36051223,0.02745168,-0.15380865,0.0,-0.07570895,-0.36051223,-0.554178,0.00023661196,0.06857436,-0.34051487,-0.048131138,-0.1367057,-0.9151605,-0.41674292,-0.00066292944,0.0,0.0,-0.08568003,0.0,0.0,-0.019034058,0.0,0.015352515,0.6256817,0.0,0.5159323,0.008507349,-0.051483806,0.0,-0.17609268,0.020201398,-0.18046847,0.0,-0.054366913,-0.3612056,-0.113930024,0.058967497,-0.9151605,0.13936546,1.8598087
Measured Depth m,TOFB s,AVG_CONF unitless,MIN_CONF unitless,Average Rotary Speed rpm,Corrected Surface Weight on Bit kkgf,Corrected Total Hookload kkgf,MWD Turbine RPM rpm,MWD Raw Gamma Ray 1/s,Pump 2 Stroke Rate 1/min,Rate of Penetration m/h,Bit Drill Time h,Corrected Hookload kkgf,MWD GR Bit Confidence Flag %,Pump Time h,PowerUP Shock Rate 1/s,Total SPM 1/min,Average Hookload kkgf,Total Hookload kkgf,Extrapolated Hole TVD m,MWD Gamma Ray (API BH corrected) gAPI,EDRT unitless,Pump 1 Stroke Rate 1/min,Total Bit Revolutions unitless,Mud Density In g/cm3.1,Weight on Bit kkgf,Hole Depth (TVD) m,MWD Shock Risk unitless,Bit run number unitless,Inverse ROP s/m,Pump 4 Stroke Rate 1/min,Rig Mode unitless,MWD Shock Peak m/s2,SPN Sp_RigMode 2hz unitless,Average Standpipe Pressure kPa,Rate of Penetration (5ft avg) m/h,AJAM_MWD unitless,1/2ft ROP m/h,Hole depth (MD) m,Mud Flow In L/min,BHFG unitless,MWD DNI Temperature degC,Average Surface Torque kN.m,Total Downhole RPM rpm,SHK3TM_RT min,Pump 3 Stroke Rate 1/min,Inverse ROP (5ft avg) s/m,S1AC kPa,S2AC kPa,IMWT g/cm3,OSTM s,RNN
-0.023364548,-0.1875741,0.0038619596,0.029125335,0.22039358,-0.048497196,-0.027295057,-0.06990292,-0.12723409,-0.00011530716,0.17517878,-0.042729583,0.053304832,-0.0059904107,-0.09162885,0.0,-0.03500466,0.053304832,-0.1156068,-0.028222008,-0.12719831,-0.45378202,-0.016415903,-0.08485255,-1.1147351,-0.11961085,-0.028786855,0.0,0.0,-0.03453112,0.0,0.0,0.016421122,0.0,-0.014006111,0.21077588,0.0,0.18242033,-0.023376858,-0.020005243,0.0,-0.08150145,0.19559772,0.22039358,0.0,-0.023728155,-0.125883,0.004003076,0.02711255,-1.1147351,0.3168986,1.4382244
Measured Depth m,TOFB s,AVG_CONF unitless,MIN_CONF unitless,Average Rotary Speed rpm,Corrected Surface Weight on Bit kkgf,Corrected Total Hookload kkgf,MWD Turbine RPM rpm,MWD Raw Gamma Ray 1/s,Pump 2 Stroke Rate 1/min,Rate of Penetration m/h,Bit Drill Time h,Corrected Hookload kkgf,MWD GR Bit Confidence Flag %,Pump Time h,PowerUP Shock Rate 1/s,Total SPM 1/min,Average Hookload kkgf,Total Hookload kkgf,Extrapolated Hole TVD m,MWD Gamma Ray (API BH corrected) gAPI,EDRT unitless,Pump 1 Stroke Rate 1/min,Total Bit Revolutions unitless,Mud Density In g/cm3.1,Weight on Bit kkgf,Hole Depth (TVD) m,MWD Shock Risk unitless,Bit run number unitless,Inverse ROP s/m,Pump 4 Stroke Rate 1/min,Rig Mode unitless,MWD Shock Peak m/s2,SPN Sp_RigMode 2hz unitless,Average Standpipe Pressure kPa,Rate of Penetration (5ft avg) m/h,AJAM_MWD unitless,1/2ft ROP m/h,Hole depth (MD) m,Mud Flow In L/min,BHFG unitless,MWD DNI Temperature degC,Average Surface Torque kN.m,Total Downhole RPM rpm,SHK3TM_RT min,Pump 3 Stroke Rate 1/min,Inverse ROP (5ft avg) s/m,S1AC kPa,S2AC kPa,IMWT g/cm3,OSTM s,RNN
-0.06814331,0.09390777,0.0687428,0.05865294,0.34357494,-0.13485853,-0.07301241,-0.056924384,-0.32175952,0.0036670258,0.18662228,-0.08859738,0.15864253,-0.0029950792,-0.11408964,0.0,-0.026600288,0.15864253,0.061381944,-0.072355874,-0.32167995,-0.43275923,-0.010204978,-0.11224243,-1.0409945,0.015272861,-0.072753236,0.0,0.0,-0.035581484,0.0,0.0,0.01996131,0.0,-0.029590905,0.21426538,0.0,0.19496596,-0.06820153,-0.014228014,0.0,-0.09851706,0.23894045,0.34357494,0.0,-0.01860898,-0.11857557,0.074150026,0.06566781,-1.0409945,0.4626595,1.4512218
Measured Depth m,TOFB s,AVG_CONF unitless,MIN_CONF unitless,Average Rotary Speed rpm,Corrected Surface Weight on Bit kkgf,Corrected Total Hookload kkgf,MWD Turbine RPM rpm,MWD Raw Gamma Ray 1/s,Pump 2 Stroke Rate 1/min,Rate of Penetration m/h,Bit Drill Time h,Corrected Hookload kkgf,MWD GR Bit Confidence Flag %,Pump Time h,PowerUP Shock Rate 1/s,Total SPM 1/min,Average Hookload kkgf,Total Hookload kkgf,Extrapolated Hole TVD m,MWD Gamma Ray (API BH corrected) gAPI,EDRT unitless,Pump 1 Stroke Rate 1/min,Total Bit Revolutions unitless,Mud Density In g/cm3.1,Weight on Bit kkgf,Hole Depth (TVD) m,MWD Shock Risk unitless,Bit run number unitless,Inverse ROP s/m,Pump 4 Stroke Rate 1/min,Rig Mode unitless,MWD Shock Peak m/s2,SPN Sp_RigMode 2hz unitless,Average Standpipe Pressure kPa,Rate of Penetration (5ft avg) m/h,AJAM_MWD unitless,1/2ft ROP m/h,Hole depth (MD) m,Mud Flow In L/min,BHFG unitless,MWD DNI Temperature degC,Average Surface Torque kN.m,Total Downhole RPM rpm,SHK3TM_RT min,Pump 3 Stroke Rate 1/min,Inverse ROP (5ft avg) s/m,S1AC kPa,S2AC kPa,IMWT g/cm3,OSTM s,RNN
0.0986063,-0.6470457,-0.23624001,-0.101177275,-0.62749773,0.31677282,0.1022489,-0.09405339,0.15996544,-0.012803106,0.14675772,0.08590121,-0.57864594,0.04474155,-0.025109328,0.0,-0.04507785,-0.57864594,-0.5941056,0.094397046,0.15993378,0.09895089,-0.035531234,-0.0077232155,0.16361497,-0.39658827,0.09452794,0.0,0.0,-0.043519378,0.0,0.0,-0.060649652,0.0,0.062003557,0.24212472,0.0,0.1424038,0.09866226,-0.03535201,0.0,-0.04121971,-0.2848929,-0.62749773,0.0,-0.0344669,-0.2191069,-0.18973851,0.09176496,0.16361497,-0.3623949,1.4885238
Measured Depth m,TOFB s,AVG_CONF unitless,MIN_CONF unitless,Average Rotary Speed rpm,Corrected Surface Weight on Bit kkgf,Corrected Total Hookload kkgf,MWD Turbine RPM rpm,MWD Raw Gamma Ray 1/s,Pump 2 Stroke Rate 1/min,Rate of Penetration m/h,Bit Drill Time h,Corrected Hookload kkgf,MWD GR Bit Confidence Flag %,Pump Time h,PowerUP Shock Rate 1/s,Total SPM 1/min,Average Hookload kkgf,Total Hookload kkgf,Extrapolated Hole TVD m,MWD Gamma Ray (API BH corrected) gAPI,EDRT unitless,Pump 1 Stroke Rate 1/min,Total Bit Revolutions unitless,Mud Density In g/cm3.1,Weight on Bit kkgf,Hole Depth (TVD) m,MWD Shock Risk unitless,Bit run number unitless,Inverse ROP s/m,Pump 4 Stroke Rate 1/min,Rig Mode unitless,MWD Shock Peak m/s2,SPN Sp_RigMode 2hz unitless,Average Standpipe Pressure kPa,Rate of Penetration (5ft avg) m/h,AJAM_MWD unitless,1/2ft ROP m/h,Hole depth (MD) m,Mud Flow In L/min,BHFG unitless,MWD DNI Temperature degC,Average Surface Torque kN.m,Total Downhole RPM rpm,SHK3TM_RT min,Pump 3 Stroke Rate 1/min,Inverse ROP (5ft avg) s/m,S1AC kPa,S2AC kPa,IMWT g/cm3,OSTM s,RNN
0.11902167,-0.7555039,-0.25754777,-0.09624157,-0.62803125,0.37371403,0.13000941,-0.03796761,0.20710997,-0.014511291,0.22629441,0.104213044,-0.64503086,0.059569024,-0.030015403,0.0,0.004474297,-0.64503086,-0.6334271,0.117977485,0.20706688,-0.07435404,-0.004512921,-0.010477365,-0.29611525,-0.41510212,0.11796092,0.0,0.0,-0.059242092,0.0,0.0,-0.056327764,0.0,0.11689152,0.3411604,0.0,0.22481464,0.11907862,-0.005800889,0.0,-0.020901112,-0.27683336,-0.62803125,0.0,-0.00629203,-0.2792723,-0.1810196,0.10369482,-0.29611525,-0.37326083,1.8753632
Measured Depth m,TOFB s,AVG_CONF unitless,MIN_CONF unitless,Average Rotary Speed rpm,Corrected Surface Weight on Bit kkgf,Corrected Total Hookload kkgf,MWD Turbine RPM rpm,MWD Raw Gamma Ray 1/s,Pump 2 Stroke Rate 1/min,Rate of Penetration m/h,Bit Drill Time h,Corrected Hookload kkgf,MWD GR Bit Confidence Flag %,Pump Time h,PowerUP Shock Rate 1/s,Total SPM 1/min,Average Hookload kkgf,Total Hookload kkgf,Extrapolated Hole TVD m,MWD Gamma Ray (API BH corrected) gAPI,EDRT unitless,Pump 1 Stroke Rate 1/min,Total Bit Revolutions unitless,Mud Density In g/cm3.1,Weight on Bit kkgf,Hole Depth (TVD) m,MWD Shock Risk unitless,Bit run number unitless,Inverse ROP s/m,Pump 4 Stroke Rate 1/min,Rig Mode unitless,MWD Shock Peak m/s2,SPN Sp_RigMode 2hz unitless,Average Standpipe Pressure kPa,Rate of Penetration (5ft avg) m/h,AJAM_MWD unitless,1/2ft ROP m/h,Hole depth (MD) m,Mud Flow In L/min,BHFG unitless,MWD DNI Temperature degC,Average Surface Torque kN.m,Total Downhole RPM rpm,SHK3TM_RT min,Pump 3 Stroke Rate 1/min,Inverse ROP (5ft avg) s/m,S1AC kPa,S2AC kPa,IMWT g/cm3,OSTM s,RNN
0.044526823,-0.48117784,-0.2152441,-0.09388739,-0.6497914,0.25136602,0.057561174,0.0008869526,0.17594613,-0.013125223,0.175738,0.041747283,-0.6120097,0.049639303,-0.04538929,0.0,0.024766197,-0.6120097,-0.46175808,0.047758188,0.17590399,0.413034,0.0074505135,-0.03553383,0.92999876,-0.26479107,0.047826756,0.0,0.0,-0.0514833,0.0,0.0,-0.06580749,0.0,0.1012294,0.27587593,0.0,0.17299856,0.04457247,0.007750763,0.0,-0.03996752,-0.356643,-0.6497914,0.0,0.008895929,-0.24245708,-0.17098159,0.08738437,0.92999876,-0.46077058,0.8389583
Measured Depth m,TOFB s,AVG_CONF unitless,MIN_CONF unitless,Average Rotary Speed rpm,Corrected Surface Weight on Bit kkgf,Corrected Total Hookload kkgf,MWD Turbine RPM rpm,MWD Raw Gamma Ray 1/s,Pump 2 Stroke Rate 1/min,Rate of Penetration m/h,Bit Drill Time h,Corrected Hookload kkgf,MWD GR Bit Confidence Flag %,Pump Time h,PowerUP Shock Rate 1/s,Total SPM 1/min,Average Hookload kkgf,Total Hookload kkgf,Extrapolated Hole TVD m,MWD Gamma Ray (API BH corrected) gAPI,EDRT unitless,Pump 1 Stroke Rate 1/min,Total Bit Revolutions unitless,Mud Density In g/cm3.1,Weight on Bit kkgf,Hole Depth (TVD) m,MWD Shock Risk unitless,Bit run number unitless,Inverse ROP s/m,Pump 4 Stroke Rate 1/min,Rig Mode unitless,MWD Shock Peak m/s2,SPN Sp_RigMode 2hz unitless,Average Standpipe Pressure kPa,Rate of Penetration (5ft avg) m/h,AJAM_MWD unitless,1/2ft ROP m/h,Hole depth (MD) m,Mud Flow In L/min,BHFG unitless,MWD DNI Temperature degC,Average Surface Torque kN.m,Total Downhole RPM rpm,SHK3TM_RT min,Pump 3 Stroke Rate 1/min,Inverse ROP (5ft avg) s/m,S1AC kPa,S2AC kPa,IMWT g/cm3,OSTM s,RNN
0.11831519,-0.695523,-0.19928075,-0.09041274,-0.50725603,0.26294652,0.13452892,0.10491567,0.6726731,-0.01290644,-0.03322602,0.13386524,-0.44018468,0.022748025,0.08346158,0.0,0.079426825,-0.44018468,-0.4017748,0.12604535,0.6725146,0.2620315,0.04371994,0.09214753,0.5471497,-0.24650565,0.12545171,0.0,0.0,0.0012645759,0.0,0.0,-0.018906366,0.0,0.12546551,-0.0072309133,0.0,-0.03752688,0.118383415,0.04580576,0.0,0.09138446,-0.28548092,-0.50725603,0.0,0.048809316,-0.0237293,-0.14311832,-0.06176821,0.5471497,-0.6190837,1.5358716
Measured Depth m,TOFB s,AVG_CONF unitless,MIN_CONF unitless,Average Rotary Speed rpm,Corrected Surface Weight on Bit kkgf,Corrected Total Hookload kkgf,MWD Turbine RPM rpm,MWD Raw Gamma Ray 1/s,Pump 2 Stroke Rate 1/min,Rate of Penetration m/h,Bit Drill Time h,Corrected Hookload kkgf,MWD GR Bit Confidence Flag %,Pump Time h,PowerUP Shock Rate 1/s,Total SPM 1/min,Average Hookload kkgf,Total Hookload kkgf,Extrapolated Hole TVD m,MWD Gamma Ray (API BH corrected) gAPI,EDRT unitless,Pump 1 Stroke Rate 1/min,Total Bit Revolutions unitless,Mud Density In g/cm3.1,Weight on Bit kkgf,Hole Depth (TVD) m,MWD Shock Risk unitless,Bit run number unitless,Inverse ROP s/m,Pump 4 Stroke Rate 1/min,Rig Mode unitless,MWD Shock Peak m/s2,SPN Sp_RigMode 2hz unitless,Average Standpipe Pressure kPa,Rate of Penetration (5ft avg) m/h,AJAM_MWD unitless,1/2ft ROP m/h,Hole depth (MD) m,Mud Flow In L/min,BHFG unitless,MWD DNI Temperature degC,Average Surface Torque kN.m,Total Downhole RPM rpm,SHK3TM_RT min,Pump 3 Stroke Rate 1/min,Inverse ROP (5ft avg) s/m,S1AC kPa,S2AC kPa,IMWT g/cm3,OSTM s,RNN
0.12115367,-0.79036224,-0.22899239,-0.099208236,-0.57248425,0.2943366,0.13795215,0.10315528,0.73091626,-0.015138776,0.0013252824,0.13677292,-0.53294486,0.03367227,0.072637826,0.0,0.08183209,-0.53294486,-0.47800878,0.12859108,0.7307407,0.32146013,0.04534066,0.08349541,0.66605,-0.29094246,0.12788463,0.0,0.0,-0.0071753454,0.0,0.0,-0.023360547,0.0,0.13957217,0.040061876,0.0,-0.003121675,0.12122276,0.04729578,0.0,0.076142706,-0.3182169,-0.57248425,0.0,0.05031761,-0.0579273,-0.16352436,-0.057569228,0.66605,-0.6388096,1.426003
Measured Depth m,TOFB s,AVG_CONF unitless,MIN_CONF unitless,Average Rotary Speed rpm,Corrected Surface Weight on Bit kkgf,Corrected Total Hookload kkgf,MWD Turbine RPM rpm,MWD Raw Gamma Ray 1/s,Pump 2 Stroke Rate 1/min,Rate of Penetration m/h,Bit Drill Time h,Corrected Hookload kkgf,MWD GR Bit Confidence Flag %,Pump Time h,PowerUP Shock Rate 1/s,Total SPM 1/min,Average Hookload kkgf,Total Hookload kkgf,Extrapolated Hole TVD m,MWD Gamma Ray (API BH corrected) gAPI,EDRT unitless,Pump 1 Stroke Rate 1/min,Total Bit Revolutions unitless,Mud Density In g/cm3.1,Weight on Bit kkgf,Hole Depth (TVD) m,MWD Shock Risk unitless,Bit run number unitless,Inverse ROP s/m,Pump 4 Stroke Rate 1/min,Rig Mode unitless,MWD Shock Peak m/s2,SPN Sp_RigMode 2hz unitless,Average Standpipe Pressure kPa,Rate of Penetration (5ft avg) m/h,AJAM_MWD unitless,1/2ft ROP m/h,Hole depth (MD) m,Mud Flow In L/min,BHFG unitless,MWD DNI Temperature degC,Average Surface Torque kN.m,Total Downhole RPM rpm,SHK3TM_RT min,Pump 3 Stroke Rate 1/min,Inverse ROP (5ft avg) s/m,S1AC kPa,S2AC kPa,IMWT g/cm3,OSTM s,RNN
0.006164601,-0.5117132,-0.28121728,-0.09711815,-0.71817,0.26952067,0.015333561,-0.03416654,0.42116946,-0.017192185,0.36731347,0.013027854,-0.83215445,0.06811125,-0.108977124,0.0,0.01118684,-0.83215445,-0.54669744,0.0059458846,0.42113692,0.41186032,0.0007517531,-0.09587485,0.9152317,-0.2788778,0.004994174,0.0,0.0,-0.09842194,0.0,0.0,-0.053406056,0.0,0.10446501,0.5184216,0.0,0.3686989,0.006186188,0.00075198215,0.0,-0.11149514,-0.41062903,-0.71817,0.0,0.0018510914,-0.41773555,-0.22470544,0.0523627,0.9152317,-0.22558373,1.1339841
Measured Depth m,TOFB s,AVG_CONF unitless,MIN_CONF unitless,Average Rotary Speed rpm,Corrected Surface Weight on Bit kkgf,Corrected Total Hookload kkgf,MWD Turbine RPM rpm,MWD Raw Gamma Ray 1/s,Pump 2 Stroke Rate 1/min,Rate of Penetration m/h,Bit Drill Time h,Corrected Hookload kkgf,MWD GR Bit Confidence Flag %,Pump Time h,PowerUP Shock Rate 1/s,Total SPM 1/min,Average Hookload kkgf,Total Hookload kkgf,Extrapolated Hole TVD m,MWD Gamma Ray (API BH corrected) gAPI,EDRT unitless,Pump 1 Stroke Rate 1/min,Total Bit Revolutions unitless,Mud Density In g/cm3.1,Weight on Bit kkgf,Hole Depth (TVD) m,MWD Shock Risk unitless,Bit run number unitless,Inverse ROP s/m,Pump 4 Stroke Rate 1/min,Rig Mode unitless,MWD Shock Peak m/s2,SPN Sp_RigMode 2hz unitless,Average Standpipe Pressure kPa,Rate of Penetration (5ft avg) m/h,AJAM_MWD unitless,1/2ft ROP m/h,Hole depth (MD) m,Mud Flow In L/min,BHFG unitless,MWD DNI Temperature degC,Average Surface Torque kN.m,Total Downhole RPM rpm,SHK3TM_RT min,Pump 3 Stroke Rate 1/min,Inverse ROP (5ft avg) s/m,S1AC kPa,S2AC kPa,IMWT g/cm3,OSTM s,RNN
0.24154687,-0.9448994,-0.26617008,-0.10368949,-0.49645945,0.36828363,0.22221811,-0.219571,0.82995445,-0.015591272,0.12204978,0.25100344,-0.5392027,0.03382589,0.14830543,0.0,-0.15235616,-0.5392027,-0.67415476,0.22458717,0.82988155,0.0846691,-0.098580986,0.17110318,0.14011374,-0.46611702,0.22355197,0.0,0.0,-0.033680238,0.0,0.0,-0.01734827,0.0,-0.009371218,0.19540793,0.0,0.123230085,0.24166474,-0.09587075,0.0,0.06038785,-0.17925517,-0.49645945,0.0,-0.09229821,-0.18398446,-0.30759174,-0.12018676,0.14011374,-0.080841325,0.83944285
Measured Depth m,TOFB s,AVG_CONF unitless,MIN_CONF unitless,Average Rotary Speed rpm,Corrected Surface Weight on Bit kkgf,Corrected Total Hookload kkgf,MWD Turbine RPM rpm,MWD Raw Gamma Ray 1/s,Pump 2 Stroke Rate 1/min,Rate of Penetration m/h,Bit Drill Time h,Corrected Hookload kkgf,MWD GR Bit Confidence Flag %,Pump Time h,PowerUP Shock Rate 1/s,Total SPM 1/min,Average Hookload kkgf,Total Hookload kkgf,Extrapolated Hole TVD m,MWD Gamma Ray (API BH corrected) gAPI,EDRT unitless,Pump 1 Stroke Rate 1/min,Total Bit Revolutions unitless,Mud Density In g/cm3.1,Weight on Bit kkgf,Hole Depth (TVD) m,MWD Shock Risk unitless,Bit run number unitless,Inverse ROP s/m,Pump 4 Stroke Rate 1/min,Rig Mode unitless,MWD Shock Peak m/s2,SPN Sp_RigMode 2hz unitless,Average Standpipe Pressure kPa,Rate of Penetration (5ft avg) m/h,AJAM_MWD unitless,1/2ft ROP m/h,Hole depth (MD) m,Mud Flow In L/min,BHFG unitless,MWD DNI Temperature degC,Average Surface Torque kN.m,Total Downhole RPM rpm,SHK3TM_RT min,Pump 3 Stroke Rate 1/min,Inverse ROP (5ft avg) s/m,S1AC kPa,S2AC kPa,IMWT g/cm3,OSTM s,RNN
-0.0024901584,-0.17899624,-0.08750559,0.020641753,-0.45351928,0.32806802,0.058070865,0.6092203,-0.0005113418,-0.014955192,0.56602705,0.0039654477,-0.8484293,0.12538612,-0.10979825,0.0,0.5130418,-0.8484293,-0.08124786,0.030046413,-0.0005233691,0.689028,0.31699297,-0.11115994,1.0466973,0.14526494,0.029456085,0.0,0.0,-0.14838852,0.0,0.0,-0.07921371,0.0,0.50128406,0.7398649,0.0,0.5743436,-0.002480852,0.31038696,0.0,0.046132684,-0.38008323,-0.45351928,0.0,0.30518067,-0.55217844,0.1008222,0.3839172,1.0466973,-0.46880326,1.3361256
Measured Depth m,TOFB s,AVG_CONF unitless,MIN_CONF unitless,Average Rotary Speed rpm,Corrected Surface Weight on Bit kkgf,Corrected Total Hookload kkgf,MWD Turbine RPM rpm,MWD Raw Gamma Ray 1/s,Pump 2 Stroke Rate 1/min,Rate of Penetration m/h,Bit Drill Time h,Corrected Hookload kkgf,MWD GR Bit Confidence Flag %,Pump Time h,PowerUP Shock Rate 1/s,Total SPM 1/min,Average Hookload kkgf,Total Hookload kkgf,Extrapolated Hole TVD m,MWD Gamma Ray (API BH corrected) gAPI,EDRT unitless,Pump 1 Stroke Rate 1/min,Total Bit Revolutions unitless,Mud Density In g/cm3.1,Weight on Bit kkgf,Hole Depth (TVD) m,MWD Shock Risk unitless,Bit run number unitless,Inverse ROP s/m,Pump 4 Stroke Rate 1/min,Rig Mode unitless,MWD Shock Peak m/s2,SPN Sp_RigMode 2hz unitless,Average Standpipe Pressure kPa,Rate of Penetration (5ft avg) m/h,AJAM_MWD unitless,1/2ft ROP m/h,Hole depth (MD) m,Mud Flow In L/min,BHFG unitless,MWD DNI Temperature degC,Average Surface Torque kN.m,Total Downhole RPM rpm,SHK3TM_RT min,Pump 3 Stroke Rate 1/min,Inverse ROP (5ft avg) s/m,S1AC kPa,S2AC kPa,IMWT g/cm3,OSTM s,RNN
0.17884779,-0.92394656,-0.12815039,-0.07912476,0.44982913,-0.10864329,0.12708515,-0.4848334,0.90116507,-0.0019289791,-0.09868786,0.19673681,0.59298646,-0.03806322,0.19335817,0.0,-0.3771928,0.59298646,-0.4474035,0.1459858,0.90108645,-0.056784123,-0.22980997,0.21017596,-0.15756452,-0.5739105,0.14370638,0.0,0.0,0.06547147,0.0,0.0,0.08598269,0.0,-0.3533455,-0.19905917,0.0,-0.08092506,0.17893447,-0.225871,0.0,0.03726011,0.44983238,0.44982913,0.0,-0.2213709,0.21700595,-0.2607061,-0.3822575,-0.15756452,0.18719748,1.3772811
Measured Depth m,TOFB s,AVG_CONF unitless,MIN_CONF unitless,Average Rotary Speed rpm,Corrected Surface Weight on Bit kkgf,Corrected Total Hookload kkgf,MWD Turbine RPM rpm,MWD Raw Gamma Ray 1/s,Pump 2 Stroke Rate 1/min,Rate of Penetration m/h,Bit Drill Time h,Corrected Hookload kkgf,MWD GR Bit Confidence Flag %,Pump Time h,PowerUP Shock Rate 1/s,Total SPM 1/min,Average Hookload kkgf,Total Hookload kkgf,Extrapolated Hole TVD m,MWD Gamma Ray (API BH corrected) gAPI,EDRT unitless,Pump 1 Stroke Rate 1/min,Total Bit Revolutions unitless,Mud Density In g/cm3.1,Weight on Bit kkgf,Hole Depth (TVD) m,MWD Shock Risk unitless,Bit run number unitless,Inverse ROP s/m,Pump 4 Stroke Rate 1/min,Rig Mode unitless,MWD Shock Peak m/s2,SPN Sp_RigMode 2hz unitless,Average Standpipe Pressure kPa,Rate of Penetration (5ft avg) m/h,AJAM_MWD unitless,1/2ft ROP m/h,Hole depth (MD) m,Mud Flow In L/min,BHFG unitless,MWD DNI Temperature degC,Average Surface Torque kN.m,Total Downhole RPM rpm,SHK3TM_RT min,Pump 3 Stroke Rate 1/min,Inverse ROP (5ft avg) s/m,S1AC kPa,S2AC kPa,IMWT g/cm3,OSTM s,RNN
0.20683873,-0.92919254,-0.11183073,-0.062784515,0.46022087,-0.061434146,0.15849987,-0.44887415,0.8539899,-0.0016530107,-0.11064114,0.22123112,0.5855594,-0.038269233,0.21613528,0.0,-0.34562683,0.5855594,-0.41977647,0.17592563,0.8539192,-0.31595194,-0.20781846,0.23345323,-0.58272415,-0.5443356,0.17403117,0.0,0.0,0.06326853,0.0,0.0,0.08475922,0.0,-0.31541282,-0.22011611,0.0,-0.093780905,0.20696586,-0.20433626,0.0,0.072622955,0.46060488,0.46022087,0.0,-0.20036924,0.23611788,-0.23621373,-0.37229437,-0.58272415,0.17045662,0.8045813
Measured Depth m,TOFB s,AVG_CONF unitless,MIN_CONF unitless,Average Rotary Speed rpm,Corrected Surface Weight on Bit kkgf,Corrected Total Hookload kkgf,MWD Turbine RPM rpm,MWD Raw Gamma Ray 1/s,Pump 2 Stroke Rate 1/min,Rate of Penetration m/h,Bit Drill Time h,Corrected Hookload kkgf,MWD GR Bit Confidence Flag %,Pump Time h,PowerUP Shock Rate 1/s,Total SPM 1/min,Average Hookload kkgf,Total Hookload kkgf,Extrapolated Hole TVD m,MWD Gamma Ray (API BH corrected) gAPI,EDRT unitless,Pump 1 Stroke Rate 1/min,Total Bit Revolutions unitless,Mud Density In g/cm3.1,Weight on Bit kkgf,Hole Depth (TVD) m,MWD Shock Risk unitless,Bit run number unitless,Inverse ROP s/m,Pump 4 Stroke Rate 1/min,Rig Mode unitless,MWD Shock Peak m/s2,SPN Sp_RigMode 2hz unitless,Average Standpipe Pressure kPa,Rate of Penetration (5ft avg) m/h,AJAM_MWD unitless,1/2ft ROP m/h,Hole depth (MD) m,Mud Flow In L/min,BHFG unitless,MWD DNI Temperature degC,Average Surface Torque kN.m,Total Downhole RPM rpm,SHK3TM_RT min,Pump 3 Stroke Rate 1/min,Inverse ROP (5ft avg) s/m,S1AC kPa,S2AC kPa,IMWT g/cm3,OSTM s,RNN
0.14206252,-0.5932603,-0.045175936,-0.027272105,0.3725187,-0.052016895,0.10895848,-0.29968858,0.6138755,0.00014403116,-0.09706665,0.15237002,0.4538195,-0.03504868,0.15649456,0.0,-0.23088461,0.4538195,-0.21464351,0.12084697,0.61382574,-0.31005228,-0.13635215,0.16751313,-0.5528301,-0.3197904,0.11947949,0.0,0.0,0.04581289,0.0,0.0,0.06517,0.0,-0.2180604,-0.18276972,0.0,-0.08636785,0.14211111,-0.13394576,0.0,0.059459705,0.34303105,0.3725187,0.0,-0.13128397,0.18638985,-0.15421501,-0.29712072,-0.5528301,0.16423932,0.23257206
